user_id,email,password,handle
1,0gFS7AuvXM@example.com,93470733Me,wW5Dbc3EeV
2,55qf932Nit@example.com,15479620OX,2sH5H567jF
3,UWG2hT3nr1@example.com,71233659wb,8iMX4rFRiN
4,56w0Yboex9@example.com,77244445Ac,49lFND0u19
5,lMU35ce5AX@example.com,88149152NE,5f9za35WBS
6,3810iylOqz@example.com,52279400Fh,Rb4rz1qdU7
7,6Lz5GKT3zj@example.com,14471934Wn,2t7N61s74n
8,tdLMBbEp7L@example.com,32468280PO,9Yz1HUE1Ua
9,w5n0vmhVGT@example.com,92742953VY,2YojRb238Z
10,uHN0OXT8On@example.com,58663357Xe,W64x7bh2dy
11,kSqYGo4WcR@example.com,78621483qj,DsdGap9vuH
12,rIi0n3wxth@example.com,65611866Fc,RugT65Ph3X
13,Eeh4wbWaSv@example.com,11987187xl,86049T6pGl
14,5pnT4Gsi2M@example.com,48141940sp,1diqK2No9L
15,ern0burDJ6@example.com,28608457ym,WBx7Q4m20s
16,99R95nEUL0@example.com,35264390iy,22TduRkXMs
17,faS3L78ig2@example.com,90450359Bn,YQFe8xTB4v
18,D4zXeq7c16@example.com,25041391Zh,9N0u443JJo
19,n7v5dfJgIP@example.com,34993576Qh,GZxkUn6Y43
20,1RQJq77OHO@example.com,75299858Qj,mnd7Fsw17I
21,sD69fpR4R1@example.com,43789430hC,y2VdXXAVPp
22,5T70I1OsBo@example.com,08148535UU,8Km9Z32f39
23,CtP208jN0F@example.com,78394750XU,18yxUBF078
24,u4e8O0G4K0@example.com,13463494cb,814D8jMXPT
25,kcVh378O6H@example.com,92336692Yu,jZmPv6qAjY
26,vFf7w5AZnI@example.com,01521788vV,0Pg06VDh91
27,99l8AU94Rt@example.com,71986812KN,JF350KrNMH
28,080KkC1tn1@example.com,03534767PS,G5L6SEx9mU
29,Z9A47uAxc1@example.com,40878310zK,40RovbQLx9
30,Ymt86iF2P0@example.com,91129900dQ,0456s9dfgZ
31,FN4OkaLxmN@example.com,70175930JJ,4xHXWt6BuF
32,sBDppv4YVe@example.com,33172785cG,y9tlEsa6MT
33,NRPI2RZ5tW@example.com,21707852ZC,EQ179J4O7v
34,Xfa62Neb6J@example.com,12724010MD,XxFsqdHX54
35,0dw07mj5kf@example.com,11398294Pj,J1vtd694e8
36,z7O0g1bW6z@example.com,61502169aI,478tuwYWQs
37,By3TI9y656@example.com,28966244Ai,3vu4696nL1
38,V23kZ5Ha2T@example.com,50880610dS,flZ256oNn9
39,nQ47u2aLx4@example.com,37453574bM,zkYou4v2xJ
40,Utg0Pko5EF@example.com,31894407TV,9sNcwf5nPL
41,Wq9Ho5sas2@example.com,51720210FM,rDpX32L0Lz
42,0HHiH7Zhat@example.com,31059782qw,iRguTMs3UY
43,I5IOxePoTd@example.com,47583073em,95cJ0IRJ52
44,SGi6QE48r7@example.com,12967222nB,r0Cbg4t97u
45,y5la01ym82@example.com,65324743nM,Fr9zN6l7W3
46,K5BR02i14d@example.com,35677703HY,97M64N1K4P
47,1dLu4dw87H@example.com,41013915bW,A3pb6jPkFq
48,4aSgBuJToi@example.com,69961220ko,B6b15s4vVU
49,vi5jjcIwTW@example.com,99293000qw,d0Tq6sGy9p
50,r73z46sTx1@example.com,53790803aA,wOWhvh4vlo
51,QCnEFyKwB5@example.com,54192820bl,PbtaQ80uGX
52,Gp1d480mz9@example.com,39470711YD,8oE93A8e1R
53,p1NecSa0Gf@example.com,06302190nG,4fXRMnihL9
54,50X83Uy140@example.com,77109275qf,16k9HXGIr9
55,oL7ez4PP26@example.com,74629952uv,7oGyOy61jR
56,000eCb3xRe@example.com,58616321SS,rDSXZTuxJP
57,JOINVGSXF5@example.com,66480717ik,G5d0U7zJKe
58,4EI3rVJv4J@example.com,62494741cR,hwvV73glkR
59,0Xf9DcivmM@example.com,91670630TQ,4VaxFIOMYn
60,K19MtjgXS9@example.com,38865426HB,9Lw6846Yq2
61,H1g6JFz4b7@example.com,30304961pS,7N6z96A3zp
62,ln40gS1408@example.com,23570803SN,i959s33L0u
63,k7X9Ea4s18@example.com,12149154pL,4JFUjnUrI4
64,NUrnOT82wb@example.com,33356364AI,IO9SUWc9nC
65,i000GJq0Y7@example.com,56298334iz,qBmFE9Jn02
66,iK00MOY8kk@example.com,13290429Nf,YS3UpoBJEZ
67,yGL9rT992w@example.com,78056107xA,xN7K5060v9
68,SDM7uBhu99@example.com,78960475YW,qyF5HsbNpn
69,j87EHb6aeU@example.com,32726865xU,MfyQ4Vs5Pa
70,NAn1P2A1tJ@example.com,79593763xp,kBqyq55225
71,scddEUClw0@example.com,04203082dU,WdE8FutIN0
72,3j6iom4Vle@example.com,68537569YG,l7EsZF0EkA
73,3uVFB0A41s@example.com,16564867eH,SZ1P7PlIT1
74,7z5FEprq17@example.com,67329914Tl,k5dti8gS44
75,2MnZ8XykAR@example.com,57848858Mc,o6953lwreF
76,DWh9g8t31z@example.com,20550575mL,ADO06Fz5Su
77,Ye8N63qqZ5@example.com,83946196Gh,6Eec2WhM9l
78,1Hz5XKds4n@example.com,27287432AX,d0X36Mf35Y
79,EE77592z2j@example.com,50228138Kq,UWr6Fg386z
80,s3m9S4o6Ur@example.com,10669886uE,0mHYt9clgn
81,Pp98OTJHnf@example.com,87514807Ul,0u2pc1I0oP
82,6p8392XX2w@example.com,58950612Fl,472Le0dyFr
83,wR1Xc24RnZ@example.com,74558406JY,21OAW4p0j4
84,66hVD5VGcl@example.com,69319364kH,N6Lv531G7D
85,uG1X5635iv@example.com,93269968eJ,P6GlvY7v6q
86,9UvM7350w3@example.com,58176129xM,MBF4CVE690
87,MsyCbsFs1w@example.com,77514826CU,s9Z9p50J85
88,sSGqxOhBE8@example.com,01108244Fl,ot0mC0FM6t
89,084o30I80y@example.com,56050393wm,e304DRjwI2
90,kkCDCP32d9@example.com,72334535xa,y82EV7plMY
91,v3MyhI5Zvb@example.com,55929203OD,v0K7f7qmUl
92,03Xst7pTs8@example.com,35714492vb,a7vK68GH23
93,47h580wkJH@example.com,38801741ax,3L0Ftn433R
94,8gMq2eyZMO@example.com,69059763NO,rdC08cJ951
95,xXt01yjL7P@example.com,77257517bZ,P4w5fsKE2D
96,5kI6RdFPX5@example.com,42836649vs,TLZS8u92m3
97,01ans9mCzv@example.com,10679484zJ,xlp36NS51Y
98,6KI825Y3R2@example.com,16871585YX,Uu6SBA5IIx
99,aG8Q674VJX@example.com,10121919Pw,r36Qng36Y2
100,atXm8nPuDJ@example.com,76462634EK,E67Sov0h04
101,qk9uZKjOP8@example.com,05043099DD,9uh898ZvXx
102,iR9x1x6gVX@example.com,03776155jC,14f24zyMoj
103,pIz82Fv8t2@example.com,93174895gm,53c80eU7t5
104,2S5f7e0643@example.com,55833803Oi,EyBha9LW2g
105,6GyCRAXH2z@example.com,87830894Mq,I21cV39i53
106,kM2PA3C7g9@example.com,68596182TF,d2Zw7xvp6x
107,0T1E1efU78@example.com,30597209Qk,LBP0xgd6j1
108,TWxN4fya8J@example.com,31742621Gu,6MGKoeLceK
109,0UJMm3H0Hd@example.com,95175107IE,4828KYW3dk
110,Pv817TAKad@example.com,81920576dl,d3Te2s4z45
111,r1g0I52jxY@example.com,68775124cT,pKjAd61s90
112,NgPY56ZhEd@example.com,72157456ve,ZeIk9IchP0
113,G98V8eDR4k@example.com,51939990Kg,e1fY31GA9G
114,4r6k35Q3w1@example.com,58871460IH,827OZ742i7
115,G609TC6nBC@example.com,67195083rB,nAqEc6m9rh
116,8g2D1w421J@example.com,46156827UL,ptv43t1Pe2
117,6aJouj3Eky@example.com,74291278vZ,2oHY0W4jB3
118,6B885Z42Kk@example.com,02504506eL,uZ7E2VV43U
119,M50E8bUcYI@example.com,79608956or,NEnzBG0qrm
120,863d4hb6Cz@example.com,89636295vN,2R2n112mh1
121,n81yplC0j3@example.com,10201945Ec,Yxp3thShBr
122,zS53i7D6Ww@example.com,12917833ZI,7fe1T8rY9I
123,TAqTpa1yS4@example.com,18592460ra,kfF2qZjJpj
124,gu7vSjS1Rn@example.com,44517196Gj,NY5829a1O9
125,X7R89L883s@example.com,99405612UY,S482ouEq53
126,5wxK6778wC@example.com,73972019vK,rg76KMS0y0
127,V52h6N1t99@example.com,40949580cc,Vik3dfLiSU
128,4A1wU8dlIF@example.com,03426014Hg,8K93c12T49
129,cR9ph42K8s@example.com,28410230bT,FLK5K95w56
130,41BjgfJpgi@example.com,52673569FL,E0iXn9N68i
131,8u3Fkqw0Np@example.com,08208440ck,U3nnq5UALy
132,q8d1Kqqw76@example.com,06814109Nx,w95RA1ZJvX
133,8u0YtnE1Fu@example.com,95613159LP,1D1ni9LS7N
134,h1p2NE78a3@example.com,81297495eG,o6CGLxuprw
135,Ci890rE63J@example.com,26230367CQ,93JeceSyEt
136,2keAr27qyw@example.com,52737777pp,zW8l4O5FEX
137,ZI1eMR67eX@example.com,83410915Kr,s14rqB1bMm
138,Qa7xM4Ouxq@example.com,82608830Yr,1j32v9Uk4c
139,K5JU2718j7@example.com,34647763wE,ArSe9Xv4q4
140,9J870s4107@example.com,91868878Hv,Yet9CWoTQg
141,FrG9foud1e@example.com,56401223hA,072rSgwhjQ
142,04GF8Ng3a9@example.com,48760757zN,L0ZjY13Vrx
143,g43v8lvBl4@example.com,83352092JK,qDH2jAfQ46
144,LiX03HK5OP@example.com,99699973kX,T0qxhJ0qi2
145,4Z5zc18cU8@example.com,58350384DI,MqD16LMCKA
146,bbrEWlR883@example.com,03914872AM,4htUE9rfR3
147,U7xz0nC0zy@example.com,75560259ZU,Gq9vJw9e7W
148,HZ8CDS338M@example.com,83824450ex,Wk8q9jjXza
149,z5m7Z5xEhl@example.com,48722495re,BN443Ap883
150,8MUks2Uv46@example.com,44217590Oa,psJgZmJTE6
151,WUa3u5l6Oi@example.com,70249184tE,J7O8TYS8v9
152,3JyjkK80rV@example.com,83459210wT,Z80K99xG5H
153,LQkaGnx4Kk@example.com,57393600EZ,kRPNFrm0M0
154,F22alS34L9@example.com,41934087xy,JhtCZhZLqp
155,xrC16928t4@example.com,47182336kd,Jw9ntG255R
156,t69aL8coJ8@example.com,70106584ML,WdhX29zXa2
157,EYZ3uT3REo@example.com,39050984cu,8o2j8wVrRq
158,hg2ka8qWm8@example.com,71250611It,SFjIFxfRis
159,g1h6Hj635F@example.com,67424340oH,LqMQUr8GoD
160,VflS4E54zx@example.com,41667385lS,4RsmRJ05PP
161,CuZL5I6DKr@example.com,02135728JJ,bbs48kLCg9
162,ZovsCnlMR5@example.com,35643487JD,ycRoPl9utV
163,3yjAwPsJEd@example.com,43538666qr,y0taH2WTIP
164,hC8BV3VEIn@example.com,88331160vn,93aAOSgrj1
165,2A41e6zlWX@example.com,50798366qt,nDNinO0lh6
166,9E8Zq7W3Y0@example.com,30774901pT,QnYDfL0lc1
167,nVWp4OZMzS@example.com,46397879cg,8v4x4pw7tk
168,A65ks4z5N8@example.com,42827783kI,XDiLvsee34
169,zQ60RlbsxT@example.com,84208670CN,rPwi1642ll
170,B6nys7nWO0@example.com,14442023wJ,dDS4H0cipA
171,1bot0h1avY@example.com,24913717fU,Ir4BY35KNk
172,z4vqS2n3G8@example.com,34145240Pw,3aW9X1Bl81
173,ds4mV6cxnl@example.com,63250544Ne,587CU174rr
174,G06r7j0AKQ@example.com,90613183ll,ls72jGQ75S
175,20WvZMSRom@example.com,49099181aE,5V8Q9f6V8S
176,epj95pSSud@example.com,76964611CD,uycb30n6KV
177,Yenkdf64xl@example.com,93420063jK,47Pi2KhpIU
178,5UF7sa1C07@example.com,81615133Bm,ZYpn3I3n2A
179,Xh7O3xJeyp@example.com,76730659bE,x6dAdROMEx
180,S9uBBpc503@example.com,27732699Oa,I46kbbLn0s
181,kNj8gEqQ86@example.com,30853787Ts,j4o77c9bri
182,W7o1V4F1Et@example.com,85206664qR,Sxgwrt56Ik
183,E2kz674kt2@example.com,04886542wH,oE24Nok3Np
184,84N5002CG9@example.com,80941149Vj,7C47k94eyg
185,PP8Fkp19un@example.com,14014048uD,78iWU0vGni
186,8vvQPc2WTg@example.com,07250117YU,kWQ8506S38
187,IZBqBGx9Ac@example.com,98746395Ix,U951h2Xayb
188,Ra9gzL3jcd@example.com,29861017YA,RJqkrNsGW8
189,ndsk2MSm8C@example.com,58878265hA,N4CS4ho294
190,fISf5qh89O@example.com,49585037hQ,k5vQjwcYW7
191,Mr5gOh0pBy@example.com,21195525gz,VJ51o2BpMs
192,26OvN0LBeR@example.com,32793159oC,J4n1X0LJf0
193,uSBpSF9Wcl@example.com,41602163rU,LtS6mf4WLn
194,RXCDawNh40@example.com,36211680bn,U89fbc6IJU
195,Ob310x6Kay@example.com,43361461HE,9B49Yud8ye
196,y7O0YAq2Jq@example.com,81227181VL,rtuFVEza2Q
197,cOLbb8skKX@example.com,59822821Dl,cMm3Z77EVj
198,qM9dx6AYN2@example.com,08593502bg,0BwaJRk1VO
199,R8u3y5finB@example.com,43373268AN,lGaThM6Ox3
200,Pz6AJR9x05@example.com,94734876BV,8R3i258n66
201,48hqhNFWaO@example.com,32488395uN,ut39IVr4P5
202,VD7JecIjhR@example.com,84799155qU,K2u68BFy00
203,0G37to7Mso@example.com,74671361Gx,vjQeS7rX0N
204,zAEBEY1cai@example.com,10502047VX,8FhSvt4ecD
205,iXlngq0zD3@example.com,65899517AY,NGTQqouIb1
206,mRGa79mLfb@example.com,26906339tL,zJTIk8W5Pl
207,f09z9Nvf46@example.com,00374322gW,IV2O04y7dx
208,7aKMl45FMq@example.com,74956022Wt,JrCp59YXF5
209,qhgS9cc2Hp@example.com,83281335MR,E156n1eEP5
210,NqUBWdTqJS@example.com,08429363Vo,699RdKFJcF
211,V9ULSiOc0i@example.com,52421663FE,8AyHF02tga
212,3Qj7Is0Ke5@example.com,22435027Xs,6mbNFKBJ34
213,E4HSfM0m4L@example.com,11727965zA,hR2Ki11bwI
214,47FQoz2oI3@example.com,43658888Jy,7UXlXh4RMd
215,3uTmBER7A0@example.com,79197522QC,228EW2kIhH
216,JhH51NWVDy@example.com,43090117Pe,o13cAK2bdl
217,1tm0qVIpE0@example.com,42848844MP,Fo88a8qFFZ
218,0aHL318Jfs@example.com,98215451Ag,2a6dQAqf5C
219,0nUoPkwCIb@example.com,60085870WG,qj5mw4e61w
220,bix69U4BgO@example.com,11026455ge,l2um5f2463
221,jCCejceUtM@example.com,68939558BH,P0Vxv2g2Em
222,3xsz2Z7dwi@example.com,73720795lf,Hws5Xq2K5q
223,ChgY5sBrDk@example.com,52309270Jm,l8REwR45V0
224,v2WR9Ps0e3@example.com,05542364WI,O32p4q0qsp
225,R4BQ4j8HSH@example.com,32370791gC,UzH2Eh9aYq
226,44lxP9gC58@example.com,62134435Tj,38Has1HM15
227,iw61Pu69n4@example.com,41588327wr,NsmeO6HZ4I
228,ljxaiaMID3@example.com,75607370Mw,T3423LA7kl
229,2sME5PP8yE@example.com,18901073SW,F08N48HQi6
230,q78WIrn4zs@example.com,67359690TZ,cbchsxvibq
231,jUsDk92H14@example.com,94784361Kn,Czf2w9j81P
232,XM6Rp07KXg@example.com,23517215Wy,zLzmNyAtC4
233,3wcW8ge2P1@example.com,07833406MJ,2501ycrapo
234,kjQ2EemxH9@example.com,79920363ii,pHqOmIC9m2
235,tMN0W6g7tW@example.com,76020053jv,6fO94Gw1hH
236,KIMeNBR5mZ@example.com,25149291Oh,cFZ75M26sB
237,9FEqT489f8@example.com,88006980jD,v57hgZ7BUy
238,iu1jAqr0bl@example.com,68059784DX,LORNyeIMI4
239,I4avdfSJ5S@example.com,19336905id,op68DdQ41Z
240,N16cIbAPaj@example.com,09989534zM,ZvYX60G5D1
241,VPZf6Ie21M@example.com,44512601JB,d0E3o62m87
242,j8372wgRVm@example.com,70390926Dg,1l33S0ZG4M
243,4DkO52kg57@example.com,10769330Za,gVg0F2W34q
244,37IF3dsw73@example.com,49834743zp,915xk8ODS7
245,ITBky2X2M2@example.com,07391983Kn,GtL36OjH79
246,03Bby5ChZ9@example.com,49184604Px,Pc47ko1b9f
247,z4f4oSn0Sm@example.com,15212025De,r092wx5fpi
248,JNWpQ7t9jG@example.com,69740988RL,X5m6JyIF49
249,GA9nhQLufp@example.com,00831254JF,1767Qv6nN7
250,037959v5fa@example.com,12809895GN,83P0zxF3gi
251,0NIerFr5Vf@example.com,96068951zt,nJyFx3I002
252,0IZivqWWwx@example.com,85484539YV,snad84NQcL
253,jEHT4069xK@example.com,92632834DP,78CDmm59mj
254,69q3fr5CSO@example.com,58708919zr,oKwb0yp2hL
255,4a0QU2G4Kz@example.com,80002622WA,My108l9TA4
256,76Xm90f5BG@example.com,02092311mU,ld7UVPnDpl
257,wT0gpFz4o5@example.com,52535375gd,N8RX2v6YCP
258,YO01WweMV4@example.com,92271056vu,X92CketbRN
259,qcY0u218N2@example.com,31315671Vb,Qts7PUk49G
260,eIe6HM5sc9@example.com,70648633PV,bZ1xTesnFj
261,o7098h6m53@example.com,91737114Ny,F7qHCAD4sP
262,Pj4YpiJq9F@example.com,77791362qN,WjaB6AO5UV
263,644kb42SsS@example.com,44311428Lc,5d52XA5kCo
264,ITO84cXWGT@example.com,77086857Fi,07Jd8vhm24
265,ECv7M3KZW5@example.com,37387370aK,384px56Zjt
266,87aOP4CSZK@example.com,23696171cp,cIR8mOgYj6
267,CC8hV7Zjc0@example.com,83035227Qs,K8pF5HxEyx
268,3MH0x37OUs@example.com,50982630LW,dhk8w83I1Z
269,Y7w6l0Th3i@example.com,84287491Ps,TN136uObzl
270,ZycrRr3Q2N@example.com,62511976px,1VVRO83G42
271,xgJtZSFMdF@example.com,93590452Mo,9t4084PoSb
272,Kf6vd48s4m@example.com,33025389By,8JN34BMo89
273,N7tA4limld@example.com,85483659zD,5e74u5Bz8V
274,gLXK2cmZfh@example.com,97352555Uc,bstW1nI8T8
275,CVftEMbM4y@example.com,66399826DQ,3uil3gDGST
276,M98pP0HGMk@example.com,34217933eD,hH1vHsG8gH
277,92HnQ4cn12@example.com,30444188mM,8OwK5mk8SQ
278,uX94q9pax0@example.com,40166675ZU,s22q74J2gU
279,xs4RNDt1dr@example.com,67382648vL,391Ph5ahrI
280,v1rhE3Xa67@example.com,43697261fA,19CLV5i3mm
281,818UamR6BI@example.com,65555563Ps,33eht2KKnY
282,L2j7Tz9kYT@example.com,25717530kF,ovoLTEssz4
283,EeEmF9FY6R@example.com,03768741LT,I2A2IXUQCX
284,z5wx7cWf3Z@example.com,89206382cJ,1RSWb9E3t8
285,STpwZKoZ5V@example.com,00127270Tv,6weRN1WlVG
286,5S5E84Pm97@example.com,43526482qe,y1Kx9Q1wuc
287,3XoQJp4bOY@example.com,03869819PM,n690HB3R58
288,pE7S4t95dp@example.com,37002829jm,0nlDRRJy0S
289,3PPkc9Naoy@example.com,76448911HH,zH9UblAdIa
290,AwBpHo4Yji@example.com,66755542Ba,2nBM92r2k8
291,v5cj4t289O@example.com,58797293yT,8Zh6RDZyro
292,B1y17Tz8g6@example.com,05915625Xh,V4ZUfuC70t
293,0iG00O2v40@example.com,76158972JR,D7cP2rqJBv
294,3df544576f@example.com,29276081So,r6SA79dokO
295,M0v6jf1t50@example.com,81329764pd,8MZ2BC5Kt0
296,43vu9F33m6@example.com,62343155tq,iWYwjv4fXM
297,1wOyIZ9fl3@example.com,21348777Fn,gguBYb926f
298,Ywp49GPytf@example.com,63733088BC,Il66OnOPV7
299,5cGuXyYOm8@example.com,62662337KK,8cQq4eOexd
300,OGS0jAJN57@example.com,47152250Rj,iJBIW1Mmqk
301,76FqzQSXdI@example.com,26136360Ku,rCNH4h16MI
302,67J00971zU@example.com,81651019Om,Bs2Rz2Z6Cm
303,1Qd5Wac67w@example.com,62107646ix,NHjaRN66ee
304,3EHgLH01D7@example.com,80320757hH,mh6926waKF
305,I73bpOX67W@example.com,85343169Ej,I2f1G3Rp6z
306,hzBlp4luj2@example.com,63047756Ig,PE0k16m83a
307,9Y41qMGhKB@example.com,52304181zz,W7633r6Jtx
308,2L0Z8epA57@example.com,77188552NC,0p4smVWy57
309,0g16VE52id@example.com,89426425Ih,oIXnpwM7B7
310,FKDn1DYZWc@example.com,67846015Zb,k7TFlQZK77
311,8Nd6E7x8XU@example.com,87266568Fd,o17878reLp
312,W54bw3gP6X@example.com,02843517CJ,4wSbI7PYV4
313,ZC4kJZDE2p@example.com,74768638rN,25yi7I6mGg
314,z0Q1amt52o@example.com,71299887Ft,za43O88ocf
315,49A21BnQbl@example.com,43021240Za,jT2uj1bjOx
316,8t0xk4GUKI@example.com,06984219Xc,sS2VXLQa82
317,39qpX8wsfB@example.com,11849434mo,QA7oh5B6jQ
318,0RT6w9sfNO@example.com,34145250Np,mGMQEUUQE2
319,zsSpyGx64v@example.com,25790532ao,Q1rK5Zw7Km
320,YqNgwMXpNC@example.com,63347739oC,V64nf1CsAt
321,16O5A96eTJ@example.com,65534716qN,CU2AvH2VFs
322,RrCMM3O447@example.com,05146771OP,YQVnF8vJjd
323,98G2Mcuwl7@example.com,70380151QA,nuNa4xA3ZF
324,8xsJeSRlF7@example.com,87881888wK,jbD7yY929q
325,W260ad664g@example.com,59442994Qy,pFK5k63D0w
326,mHyI519G0O@example.com,43618594ro,3Ol9YZ4qeY
327,rsl52ct47X@example.com,11677873Hi,cJ5ueOPhpz
328,3wA9J8LW9k@example.com,43647050op,C8jE3HtahH
329,mNdvQD2UGh@example.com,70422779Gx,8x586ekQ3F
330,KP57kcc23v@example.com,47539723Rb,AHRy3U0m18
331,1G8D5e2CNc@example.com,48403734al,k3RC6YsXoo
332,jN3c3OmoR4@example.com,44607778Az,twCR3Th6H3
333,4E9Mo630UE@example.com,93447118ey,VLqUgv1Qhs
334,jBWgJRXC1z@example.com,46634069GQ,SGTTQf7657
335,q7V2q2292P@example.com,07717551Br,ti1IGldDty
336,4mac0n77gT@example.com,71109061LP,Z8aiJHm7dH
337,rXcbscp45H@example.com,30364637bB,HoU3RLs0oe
338,A4Cy3EcXjS@example.com,51165282Qn,86TN2tF664
339,69C9bYjwQ9@example.com,86227004ry,up0Du714xC
340,Orf1JQ5X2s@example.com,75961818jb,1YN2j5WV05
341,x47v800611@example.com,57947744vF,TkrdSENn7F
342,RroCnl4M53@example.com,09367583sq,Ta6We1nBfQ
343,c4DgdIA294@example.com,48795254Bi,u0ISSQ1MfV
344,7t75EbnpaV@example.com,45129284Lk,e45tdoeA0J
345,2nSqq6n9t4@example.com,04712597jQ,LKgL8R0sD9
346,u2Sh46u3Ho@example.com,28492999Vb,CqnPf27LD2
347,mt205BdBBQ@example.com,24190111nr,TDWJe2wfDT
348,BVghnC85s4@example.com,90442253mw,0ueo976LjQ
349,He9qbDsvMx@example.com,09802307ZM,SrA5k4Uny6
350,r67F478442@example.com,38812232ke,s29LzYb70t
351,aT3Xb2MxjR@example.com,54692532gH,ZEyys34z71
352,D5u0fOF8pK@example.com,94373633Tz,h3e3CE3bJP
353,uNyP4c90rm@example.com,89449260PS,4a2uL5J5O8
354,w69AVmgcWJ@example.com,61814947cF,e7s8Tlbd31
355,LERLDs68EP@example.com,45221440Cs,F57oV7zJy6
356,LCPA23NzI9@example.com,77848679Gz,s2kw2g3r51
357,pkdiBKOILh@example.com,33800957MD,51Sz4E88my
358,63p3esBPuV@example.com,28406166Zh,h8xUMxJgln
359,hyw5n5Ksy2@example.com,31814526Xu,q7LyCtCF2D
360,565b9kto64@example.com,18544865Pm,e55myop3Xi
361,1UqZ1X9H28@example.com,87912767DF,2Db663I4UU
362,CfVHrB74dI@example.com,79700578rj,a7CjGU3n0v
363,YCd7EHbYQM@example.com,32646732cZ,07v00IVOY2
364,HQEb4oL8w5@example.com,82712556fN,6Np5oHKvM5
365,1AoG8C1UaD@example.com,61351003Wk,fBc6vyCBoV
366,c4XN08Zkj0@example.com,42488707sP,aWpte7phuK
367,6Fwje671U4@example.com,61483792QV,qZWZSDT4dX
368,17Zt3zYwgg@example.com,87906921AX,4WLRL4557b
369,49i4lktk6P@example.com,08473251Bt,GynKFv5xH0
370,oHackxpW3G@example.com,47300722eI,5cLG8UVw74
371,32TwXR5Ljp@example.com,76590540JL,xzti5nkpx2
372,qmxrsOA3Xi@example.com,23197869FZ,j6aroZJzUu
373,srT91YSqe6@example.com,84055187FO,1HDGZ6N210
374,388av8z11H@example.com,20433033Hj,45deZ2DLMZ
375,mQt2a5C61m@example.com,16673590sB,91qh0a60Te
376,taK8VV47gk@example.com,01613917gP,45Y7bZ2oN9
377,pz6kIm5V2v@example.com,19311853IE,3Wy1E13Yuk
378,pG7942oak4@example.com,21465351LW,P3mfKcY569
379,EvR9BIPima@example.com,45990753JD,JikJ1kYXK4
380,lXC3Xzd1E0@example.com,71989752Kg,2kFg6fuRBA
381,9qPXxR54dR@example.com,42571912in,XzC8AsOzI3
382,a88Ht8yNS4@example.com,51838520iq,287MkgRmQr
383,QuL1IQIaR7@example.com,69632037Uk,nQc5B2tQ2m
384,j29NQkTt7g@example.com,94563322nn,e3eiQUStrN
385,abzq8UacIE@example.com,63752295Li,vbIoegXmWG
386,910niaEC5m@example.com,51692834iF,z71R1bh9zk
387,b74I4Y63s5@example.com,30388076vJ,vR2YkITEi7
388,7mAkUHu4u1@example.com,71504740Ov,FTM56f59Fl
389,Mv39tgZmUr@example.com,47106284Ui,3qawvHUm3P
390,kKuW7zGM6q@example.com,00648394iE,DfNd67V6k9
391,n1K0zu9484@example.com,71435075kQ,H3KnBY25Vq
392,KxPa8ISKKx@example.com,75703430AX,rM3R004t09
393,SGtcsaN6A2@example.com,62347733ck,1r3UYv6Qr2
394,r3hJ7n8x98@example.com,68044952GU,Yyl7aO3VM8
395,4YE2Q5O8EW@example.com,31653961xZ,6gezem2J4S
396,1EN6WooHV1@example.com,40531243HF,sN802v9s4n
397,8hGgF5sV8m@example.com,66143528WL,2m89XLjmo9
398,6lr5Q3l6nf@example.com,97686247YE,y3qku7tFaa
399,NJ8639vchn@example.com,14590645LU,zYt0BC2q97
400,or0ElN1o7G@example.com,19826609Cf,QaL0e3Ekjv
401,igxdb3NtYN@example.com,17113729TZ,9IoG0skpEv
402,A29nIIow76@example.com,27590636lH,dy1dfWo3I7
403,RhM4DiZ5lG@example.com,09806947zf,YYzP1j3vlu
404,bo06Cl4o53@example.com,55534701oj,7KJV2w5Wk0
405,TW72S5aLhY@example.com,74999984gx,7HiZ4IAoLH
406,5I9I0dHgIP@example.com,89243199mp,eeo6ON4R3c
407,N6FF5YJK16@example.com,63066172VT,hC5TfB8P5N
408,tMikT3Ds03@example.com,13976563fY,fQ50jeWFi5
409,4F14HB37FL@example.com,49339162eK,Iy6DPr7ssq
410,2uxFE22sXF@example.com,14924503vD,0q09P2UF3s
411,o3OSU2z6e9@example.com,72750749on,qfYFT5kk7a
412,q49cD5mB9W@example.com,58536781Iw,1JGnurj55L
413,hN31mjmHjk@example.com,79369345bg,i681EqUfrs
414,wX0WxlOV05@example.com,27593583XT,7dPeegp3Ay
415,3Q8tC67Eho@example.com,26996723zz,52u95V0wwb
416,qvSvD1KRQJ@example.com,65382463Jg,Du6H8ORYYV
417,Y2SW7Z1s3G@example.com,18674472Nz,pa6w6qo044
418,rrP2f949oh@example.com,59389282hY,YmjMqKfi90
419,8tX57d5BWd@example.com,81820184DA,t7478Vt2cR
420,aJVx9BwlD9@example.com,48478910kQ,1aovkAoUft
421,0d3DDnJ66J@example.com,91238351hp,1rp3oQ80Z9
422,BTA9972iHV@example.com,83347507XT,TU1xL3YxD2
423,SA5UL6b3bx@example.com,43812280ep,o9cfPm9455
424,PBtN8h7BuI@example.com,23550150Ru,i51QR68xjn
425,4O046h9O53@example.com,34352416wW,O37xB689mV
426,p35XpJIeLB@example.com,54154086nd,N3uACOm2T0
427,2918V1GW96@example.com,69441218Lc,qFuFd14k6q
428,ThZA79s563@example.com,17794803kY,ltp739b92Z
429,wzG9o4W9kv@example.com,37398485fF,MFLTDRpDB8
430,27u7p6zLbj@example.com,21988518Yw,y78B7AYy6P
431,6PPfzr50zj@example.com,63402575fc,HeLD1o081r
432,XN32iK94fT@example.com,33626374Rw,1TAMSMv4xI
433,Rg5MsTevLF@example.com,58845450eQ,Rzu1J9s1al
434,XxB3KIEVt5@example.com,52957340wG,6CTubd2q5M
435,F115u6Sk2T@example.com,83747476NM,3C4950zTnt
436,LlT92vS0Er@example.com,47821162Vf,u111q56fBZ
437,qTK1CE2MTM@example.com,14017948do,OSF82sTUSl
438,l0r2wMPB9Q@example.com,43167869VZ,4B99VBIH6x
439,8lt4vaW3Rd@example.com,35334893hI,ARTLJ85Xmt
440,1BGpHeTov7@example.com,58681313UD,4r1Ctv8kHu
441,oJ705Dtsf1@example.com,13030643VR,rp161o7z2g
442,gDyAXL27fv@example.com,78916366IY,Tt122bJ0sv
443,AZ9ohL0jJk@example.com,85944110gu,LGr9Wdl6z2
444,eGFv9N5o88@example.com,08214978NZ,Sxy4M2040h
445,O4z0VA7AsK@example.com,62679514Jh,O815r7nWZ9
446,479ms2Vjvj@example.com,10448650vo,7Hcgu348Kz
447,3JUapID0xG@example.com,02664729tF,ixFRRUD7HO
448,17v4VlwBm7@example.com,30174421eS,K38GeIPJ7E
449,H4LpR0niDC@example.com,28299199fi,M2T745J5sp
450,T0WXCJz4Ye@example.com,85245309fU,7L785KtR25
451,8ANdnSTR0R@example.com,77576852Ue,dV42lSwATx
452,rAtrhl7An0@example.com,23346328nI,vRrBc1c3mz
453,2N9QaRin9N@example.com,27904986YQ,KYuhr90d5K
454,CFtd11jDND@example.com,51519488be,qHpmnKEfRI
455,ZnO2IPj8e0@example.com,29273835te,Qr87Ad1a22
456,Inu4b1fS0a@example.com,76725833Ky,yl03tM6k17
457,U2X2KVULnz@example.com,03479363gk,rx6MLS9652
458,u19j9Ietjz@example.com,48707766sz,9yXjM16e3E
459,8F2tde90Vv@example.com,79651952nD,SCWs3kLeXv
460,Ab1Jt5ephR@example.com,94957845Jx,v52c6JxYKJ
461,kPu77Y36W0@example.com,82480817Pp,98E7jInRgs
462,NDCQs6zpsF@example.com,05739379WZ,bl4o0uuNU4
463,0q4d37S26s@example.com,55217694AX,Nc9BsXodWs
464,W7As0L9pj7@example.com,58445224lT,bIyJgdNenl
465,Z20r55Q0X0@example.com,11478788OR,38mcV5vwzC
466,9C45Mux3l7@example.com,71911449jF,mng26qG5ik
467,20q2B0Bdqo@example.com,48680489Zk,8OupP7vA9R
468,Ly5El1r5dH@example.com,95006339Ry,9Ju7MN2QOr
469,1H0y7gF7iY@example.com,97398959TE,ZVHmuU8n5D
470,qr8Ez9GMk4@example.com,17977431rc,24YEH4JqUC
471,pU1Gl00i1B@example.com,44230532me,Bgi5WGx1k5
472,ETZrNJY433@example.com,67673667SR,JhQkj81fqC
473,f6C6pSBLvL@example.com,49703618pe,NPn2NejxJj
474,L9HDoi5yD1@example.com,62842512hC,2unwXCVB1r
475,DyOB3zE0GG@example.com,28901271eg,MQCe1M7EV8
476,zq89hOIxQx@example.com,08405788za,aErMn0oDFY
477,Ip65mZiu9R@example.com,69368365RM,Rk2XmG34i1
478,DXTohO5J90@example.com,33329637Ru,I923e4qJog
479,KT7NKcjrpP@example.com,95153749Sc,Q40L4kNJgS
480,PwvZlupTIZ@example.com,89325623Ct,U3242E83dD
481,23H7q9Z0eG@example.com,39197233dP,WWmOXhSnIV
482,Ql205XSF08@example.com,90881944GH,94Kh6tuA4H
483,0qIp14R30h@example.com,62020208qn,fPQSUp0K49
484,X3m518RB4h@example.com,82057113St,CBCs31DeQQ
485,1rN1JSu2rt@example.com,15236457Nr,eHp4JXWn6w
486,J88JJdHGh1@example.com,04003712bt,p9ep3jmgUW
487,Z545bmUqr3@example.com,85677745tC,bhL0I5j9AS
488,0PZ3XbE8U9@example.com,17983512MN,CGh64zqB74
489,Og40Ogx6Tl@example.com,57822616jJ,kqirvC9am3
490,wPq1zYL9Nu@example.com,04131331xw,bwzQ3aQmFo
491,Pm0IM9lFQ2@example.com,66274489uE,8kMXPpv47v
492,1ig5W7RO88@example.com,43845188gN,4411a7V3l7
493,U7bmd2EGv3@example.com,23495428Xr,07JnhM8RME
494,hA0xLrFLo3@example.com,55977067DC,rpz659u1bm
495,v2D1eQtR5c@example.com,06972441MX,41iUCVw7m4
496,qBcZ81C4h5@example.com,26198142mH,Zb1xTy2cuO
497,5U9w542KXz@example.com,12133929zT,uBuR25M02c
498,9oTEL46Um4@example.com,17213582wT,MX7s1bzCyB
499,GTp642N6w2@example.com,18047156bd,8uwu70jp8K
500,CAh6S9zM0g@example.com,45405261Nz,5AN4MxSMl2
501,RrY7hB3pKX@example.com,77270373mo,y4938E6E3f
502,g030ElIM6M@example.com,61632330zG,qLBl1f8584
503,9PTQFgf794@example.com,60732797LK,CVQiRo90DH
504,yu85LnYkxe@example.com,94867842RR,A0a3n2YRrV
505,PZSp8c81EK@example.com,99204643zC,4VS7j6X7JU
506,XWz0tj8X7s@example.com,40158154fs,7T4lHfDOpJ
507,Y41P4LS9Tb@example.com,40803381vF,37Z29Nc4s8
508,4A9SjFAm4w@example.com,04255554xn,5wn1QS5vM2
509,16Agml9foE@example.com,30102750eU,1vtSsxb1kJ
510,TQoB6aA9IZ@example.com,40262311Zd,AZC99OY28a
511,Y05uI6ZsaP@example.com,87675289EW,XbVWlL69Z9
512,121Hj32T2z@example.com,87633834qJ,4p75cSjOGe
513,s3HDRFXpp7@example.com,78986793Xm,200TNIPV23
514,uaL7V63UcU@example.com,08190164uE,2U9oAd04WL
515,aO1lUx48qD@example.com,49145548nA,54R0yLcp78
516,OdeU86aBr1@example.com,56522059zu,H9hQ524jRJ
517,64n988Wx55@example.com,71076686af,urS9X6UZXt
518,A16du84jf7@example.com,20128874Az,r93m8Fr93t
519,E1GRpRCj4h@example.com,86134747Vv,rzTjxY02o9
520,4i08E6U1s3@example.com,05084853Hq,VuuekysE5E
521,g932WxA2C1@example.com,06517882KY,Aof4Q6ie3k
522,KEBzpJC8C5@example.com,37520151Gw,V87xGFxvYJ
523,599MmUDvGE@example.com,83533752JV,78Utn718L1
524,8fcX33Agy7@example.com,28269783Nm,3All3kc65X
525,r8TbJGH5IM@example.com,42186139Jg,nmnGZ9f8YM
526,sX7K5I5hTk@example.com,25248136Cr,CT1210A16w
527,V8enTvLz2R@example.com,23727443fZ,6LXuGcNtxn
528,ICL27gNyVi@example.com,57773205kH,882MdBOb4I
529,8w4Q5Q83Y3@example.com,32183210od,76K09BAxER
530,NO0D9U558l@example.com,27174908Re,RQjVQhs9oZ
531,48b1h0WVGi@example.com,58403203xm,BV7N1kH116
532,05A0tf8waj@example.com,76566501XX,ZP2fXu4WS3
533,ErzWT1PyjD@example.com,70704885VS,mkdp8X7lRE
534,9I8KTJTVl6@example.com,62559567AX,uJU0bt8YLQ
535,V1IXFZk7g7@example.com,63539932RW,bhjSWMC25W
536,d2n2nIIDxN@example.com,00759747rC,7qNePI6r0N
537,qgIt5wK0mq@example.com,32614769iI,G4D6nJhg1T
538,5F8G6q6cnw@example.com,21929123mO,ZxPQ6DeCG9
539,fxqfC8Yf2H@example.com,28402214Ro,594CFw1lN5
540,i9ZJkIULI9@example.com,90671072oM,0DuIQRjG59
541,K9U3C0ki24@example.com,31785423MW,nUH68Ws77l
542,9hZfp5XfZb@example.com,17983205if,495m6x9Hz7
543,XSNOZPJxL4@example.com,26588539sC,9k9Hafh4Xd
544,udgcr3rEh5@example.com,41464243IN,62jcD1yJwS
545,1f9R8Y3nfj@example.com,72682234jN,559Rua1GoP
546,JkSyeO94Mz@example.com,30330843JV,o9uB1WBo61
547,fQm3y3J3Tx@example.com,43321465xO,iMIbu4hmg9
548,X22Rni1vun@example.com,63778355xB,cW0VHj927h
549,bcR2Za2PU6@example.com,83117605mw,J62I0V1DeV
550,439nPu2LG0@example.com,75723079Dz,q95XJ8b3b6
551,j0f7k00Q0U@example.com,98813233uX,DZKivJBC56
552,3N61EW9SxV@example.com,56895421qH,eX7CU0L6x6
553,SB4zxTAjz0@example.com,72383744PF,iklIq4rFqT
554,6ph15tJ3R2@example.com,29107951vx,cBz5Gk56Rx
555,4eryCV9s56@example.com,49833254Wq,2jpyb86HXN
556,lxu9DWJnET@example.com,11294388iL,tuHET142GC
557,Q07Favh95m@example.com,39864556ZP,476wUtK1lg
558,i4dOTaQN4b@example.com,84250813JU,ew05cOb2K7
559,fypG0Di584@example.com,11020339ji,5u2rGy82LT
560,C3N65nya7v@example.com,44548538oG,Q94JT44MKt
561,Mln5kaTry3@example.com,78423831ja,58tmgzWbVF
562,75dP2BQCir@example.com,44198187jg,U7xgV5ihn4
563,4zJo6wELUK@example.com,11400644Vf,1IjrT7SLrh
564,92e5wKPxYo@example.com,23430422bn,TEHI7t9w68
565,x686u4zH62@example.com,92448084Jh,2Vtz5K8Zv2
566,OkEeCQ5BOz@example.com,50144445uZ,EJKc8DPm5E
567,B2tZEU0002@example.com,10294723ql,33sz866PuA
568,b8KYe0NwH4@example.com,05191118po,P95vn89b3g
569,pZoEI554tw@example.com,79086295Ho,ZHw88lbSU6
570,3j0R67FXVk@example.com,64041602tk,6pmL1Cck5k
571,gy3cg6NID5@example.com,37566063fb,8uUmBEepM9
572,p06X41Ds2L@example.com,03315196gI,8JA1SFIMEz
573,PNEwGw79eQ@example.com,95044142Nr,F5Ndn19l97
574,09yH4i7MK9@example.com,76764904nz,XL5gs9NL93
575,FOn4GxxbKY@example.com,76806037cR,KcZnDTjW6k
576,8mkf4XoW5h@example.com,48999451Xn,D6I00U4NW0
577,Xi6Lm8JSh9@example.com,55259502yc,6yW7w3S5NB
578,632z9j2T6w@example.com,33619438QV,4298iByj4N
579,e4vXGpC5fl@example.com,51970166vA,kHmWZoobj3
580,PbfksEDzm4@example.com,78257569Ft,44TBe1PLe5
581,NK1c71a9X1@example.com,03852702fi,H63Nh7EY08
582,4RtQ1lSmoF@example.com,46009712Dj,W3cRwoftGq
583,03jFR7VlR0@example.com,65855647jo,nxP95c1lI9
584,M84Ih107c4@example.com,48460075Po,ts25Tq9gT8
585,c618Z1DXNd@example.com,12074818aS,U06c508wj4
586,qMQ1sVT1ir@example.com,18777149jc,T9Hf6gY2x0
587,v1NAO8YqsV@example.com,30723461CI,J7w01Qi84h
588,e08azF0E3M@example.com,73616363xA,iUXy9mhI7q
589,GRvkVPAsos@example.com,21310266GC,4UHu3qB2gT
590,Qg0JK04d6C@example.com,72372960bM,e01a7cJ925
591,c6pvjrXOr2@example.com,31144458NI,LpgL4o4Zop
592,ydYXUIltla@example.com,23153914UC,6yf40w8QJW
593,Y1fZYY2I0l@example.com,99639662YI,X47YnNK90J
594,Q8oiRK6r0M@example.com,50214782XH,qS4LFWl4at
595,2Z04269fqS@example.com,38636889vj,09BJBAsiFe
596,d5kw5S1Dw8@example.com,57119353UV,zi11M3V9Of
597,39I7C5RRZL@example.com,37656672zF,7Zfo9Yt195
598,bP4fciYbz8@example.com,87340821FC,z8Q9qOxOIr
599,5MdO6F949y@example.com,96838076KU,5Evo1N37RE
600,SK3TXSCuXL@example.com,56726626sD,moNhFVuCi7
601,zi6h0c4agN@example.com,90759832yl,p4CZ7GRyyL
602,BGg7MPD8rM@example.com,64314510nS,2p1n74ciCb
603,58sM02Hc4v@example.com,60674136uQ,oFFrKzTwo2
604,SZ00Er9T77@example.com,56918185Ml,s2feum2gl0
605,x57I8jKoGU@example.com,64623184up,JnE9DNZ78N
606,5k0tUor7cR@example.com,56750922eR,E3t8XxxM0t
607,BFbJ45a65h@example.com,82983804ux,3F5zbY7Aw6
608,81zy5qStsy@example.com,27781560yi,mZUD0jN3sD
609,mKD8019uIo@example.com,85375604Wi,AIu21iX6NT
610,1kR6yl8Z3r@example.com,79441482yR,k5VJ77HJ8e
611,3SsQ64F3k6@example.com,77293653GC,q5n99g8eFW
612,bTlR8U78I8@example.com,73410909VP,y6YaVoT4a5
613,i7v6KHv8y7@example.com,38504547gw,SZ9Zt2m32L
614,5FoPo372E9@example.com,23697810oP,rh52IpqSF6
615,9dH12Q6yjg@example.com,85497542Mk,Sk9g613S38
616,fbpgV52868@example.com,79429893iR,7uHLNW88Gu
617,T22V45oo6c@example.com,36815661zD,Q76eN74pU9
618,1DV3wq1jON@example.com,01107767CW,4vlBObY1Tr
619,Nx3lgUwSS8@example.com,34139137zc,t6iiObkfv6
620,z7Ls11w09o@example.com,35261493qB,BY79i9mf6g
621,L85CVRNBj3@example.com,76111033Fd,BI61ZRsf6g
622,Q2gW8XnR2R@example.com,53848972zf,f61R0Rd7CY
623,1ka5sgY7Fn@example.com,59107150mb,2b59chPAtc
624,V7iuR40L36@example.com,30689310Kp,cpLR6m2c5O
625,s5Tu01nhiZ@example.com,57845015dl,7Xp63k2sKg
626,EbKt38YPE5@example.com,18557739Kw,73OV0wUH3W
627,1VR4HHt1Er@example.com,97181624TT,DFA2YBM8W1
628,B79L9CoMNd@example.com,59858502ln,2yKrnokzj8
629,V6501a1kd8@example.com,12902614vO,IurwfVbGQA
630,4X9f6n0NCm@example.com,89135968bv,M9Hs63fwu1
631,ldzKIpuE84@example.com,98366359zt,Nyy33qH1t0
632,2Hc25166lD@example.com,16614377vG,T0Hl2YQPnX
633,30r635M4n7@example.com,31482549ZS,l5MVrS1n9h
634,3ML0Q5Td18@example.com,77037787QD,9LVj657ME9
635,4mfiw444Z4@example.com,62566737ia,MK1N0PE0j1
636,0LB3BX76js@example.com,02506452Np,Gx2wrK04P4
637,UgZyAa93iP@example.com,50863860Xh,pRh6f5iweO
638,1H6idl4CdL@example.com,77873318QI,vOIfdk9pb7
639,5C7HnrojBo@example.com,10674229eR,927N1CRq4i
640,8B23wY3OFh@example.com,56423730Xu,0KEizjL5nQ
641,wnZGA17C34@example.com,63353793yF,v5219647Ej
642,gY5G9yk7cc@example.com,39909411UI,VDAHX90f23
643,8V5S44gUb2@example.com,26952427Wi,3jzrg73z52
644,ifOKuP2ip2@example.com,79622782lr,AoP7Lv6Nzc
645,tDW532IUfq@example.com,11005083EB,djujqTwI5I
646,4Jn7376Bdx@example.com,82029209US,9pMn06NB01
647,nEGkNthk2X@example.com,19266442zq,DBjknOeLxy
648,qx5vz3p3NO@example.com,41965493nW,A2jn6sEg60
649,ycR8VG8Ahs@example.com,45523101uv,1SyapYe1SY
650,m2xtg5OLiu@example.com,72732454MC,PNKDNJF281
651,1wnM4LkHy2@example.com,57169898Vu,zFt4SXhP20
652,qd2oU7fpYS@example.com,56452013fg,TsqpQ6SuCO
653,Lzb9RQ2v72@example.com,84348014FF,2IO6mrbfcj
654,TQjH904t65@example.com,68451242TT,14vSbsVap9
655,3j4tu5UKB3@example.com,70978827mm,84z62h2BN1
656,rRRy2zp970@example.com,55033096iS,FelanGAp7W
657,t691h0F20j@example.com,32717021jc,OJR0J5eXUa
658,Nl0z2r9693@example.com,15991015xD,93p7j7H7Uo
659,x27KmrT5Xe@example.com,02055012uO,g3SgWI2qLQ
660,U4dam18O0z@example.com,57181905SF,pkGM9qDIo0
661,e1CDA1Gy3x@example.com,14557367wS,84bkaqR1xd
662,kTPPvpM6ix@example.com,01146063pq,4Df29BmePK
663,2dI69IMpFw@example.com,81735820My,0386yirgk8
664,3fZEPSmMv5@example.com,86572732OD,7ma1Gj3vtY
665,f3l71Zk75k@example.com,72793315KD,f9B9ltji6z
666,Mp20PV4U75@example.com,65222282Cn,0bRNGNpUe9
667,yfz8rKcVoM@example.com,43186232vA,6QF9Ng3KTe
668,KTAm220hU8@example.com,17145563iY,F6Itm0U8UO
669,Qu252gW0h5@example.com,10669738ET,FmUfSh47Bc
670,io1c3T515C@example.com,03585957RJ,Ji747xJ7h3
671,x06rGC88N2@example.com,79928440BT,Fb3AGs35Hj
672,Q3EB9D5721@example.com,22973861Sh,Hco86H1RNg
673,t5EkJDGjwa@example.com,05676335eb,06DogW4Yl4
674,cP9SLvvhn0@example.com,05888177ed,6Rn5st2s1g
675,0qIGzZ32Kx@example.com,88890684ax,b0u363ts18
676,1OjZK1bHQo@example.com,39105416te,tJg425Vw1i
677,mk5a8PoVGL@example.com,30687317rV,v39IGJztZs
678,FUpTogB0HG@example.com,44764307iv,VRQcxy5tFS
679,q5XByj8Cvv@example.com,97372147dc,JD9bIqyMwY
680,pWOiqKG0IL@example.com,80403091jh,em8qDk1q1q
681,7T5Wt2oAZO@example.com,30216702WL,5SSI0mFY1H
682,8ioOs5665y@example.com,47826621fV,I20jVxb6Sh
683,4N4dmk9xWw@example.com,99511301Bd,m3cUnNOu8F
684,B2JId6qI3z@example.com,48404491Nl,fdB4V1SWYu
685,5s6qF20mu5@example.com,98260113ut,Tb9TAy4920
686,6b9F3RjabJ@example.com,95326121CF,2D81G2ReW0
687,45n8Ke68SU@example.com,63702389gr,C74Hh5jSH9
688,qM22p5391t@example.com,36961935RM,RIoP01x20G
689,O8pAn3lA0C@example.com,48547133Ma,B27lu59A8r
690,K8I44OSRVH@example.com,30309434dm,66TEgwLj25
691,5O1220Ji76@example.com,60915245Ft,G0168p0Nfe
692,N7924ELp72@example.com,27040196pJ,QoPGBmz7C9
693,00R04HJG33@example.com,03703911xf,x1BAM7bvaa
694,54MFcog9CA@example.com,69377579Hc,1736nP3DN9
695,27kyhQQ4KL@example.com,32058063IY,76G9yaE156
696,HejtuEB871@example.com,89660634iS,3xRYklfu81
697,u63H8Nn1KR@example.com,27780941OO,3xK72467Rd
698,TBcp6R3JiP@example.com,63197011dg,TsDGtD2XKW
699,3946lV3238@example.com,13585003Ra,cZrwspam32
700,5M2HsD1p71@example.com,05958437wO,sxLagB22J9
701,k4zPm7Sg3G@example.com,65865662wP,6k1k6oKwse
702,nx16wA4yOj@example.com,77268455bT,NHrw4680F3
703,qIbFd6RdNx@example.com,29074251Sn,j7irUryvg4
704,tW4Xx6u8S2@example.com,98120704wE,1iP9Rv0Ytt
705,4ZMgYCYb3T@example.com,91939410Zh,e1TSP7Vq12
706,EY6Kv7P03B@example.com,09998766sz,B8YJDG3pfO
707,1gG5K0J5h0@example.com,29036496xg,3L78M3CXwT
708,rLEqjL0O0I@example.com,17482802MV,WRb5IH81az
709,e2r91bK327@example.com,33380977IV,LbkqJu1590
710,j4zTi5kfZZ@example.com,27904901Dt,61gLZuSi4Q
711,t5gq0V6eDT@example.com,48088822iv,ydVlOE1y1H
712,94EJ28dNSL@example.com,91734401qT,23g5r8004z
713,2TMLdeqsQj@example.com,83589550hB,1UN4TwLt2f
714,3TAo32680g@example.com,59889827Ea,Eyjqjb1fa9
715,ZLC3o5N9Q7@example.com,06208545Fr,Z38Bx1rVOQ
716,sU3e72F2JD@example.com,55956216Qb,xkzRyAqh22
717,l7dsqT1laT@example.com,60400352Lf,923PQWLwKv
718,Z7T2aifNyn@example.com,91072393OQ,Exq9hbrs6c
719,ek73mzcfcB@example.com,06844273IO,qDc8M5NVf1
720,9WO1NY2vi8@example.com,90445223Mg,7fmH3t4igk
721,PMhYopSqK1@example.com,29450005zk,QfTzBTvmB2
722,AK61ZSM6Ge@example.com,83281874yA,3eUl6kMA0C
723,NRL4Jr4979@example.com,41910386qx,tc09gr0qeZ
724,gIvACxmOSa@example.com,84742932lD,EhX2Nj8uW2
725,72oP3M2VXj@example.com,34992358gt,45OlPy3AQD
726,5Iyeo8GAH4@example.com,02814235vQ,6k4oNtWp92
727,9Tf7xZ6i8Q@example.com,84283553QC,hGLcNEO320
728,raps973fS7@example.com,23459671Pw,scrd4q01zv
729,qBL0QWt36O@example.com,68360287ZZ,7FVQ8p2Dbl
730,aAkjk4kW2Z@example.com,45544404IO,ybg9Q92X5j
731,K4jhJ49kXa@example.com,85559632Mq,gGUNo6Q310
732,2j39jeZj2d@example.com,95040502QR,qqiyEMD0rt
733,l854R7nUHu@example.com,47429209dl,fF4O3Fmc7o
734,lyqLx0bt19@example.com,37114360FO,IfifNbK1Xg
735,I8eT8W36L9@example.com,97437899SY,WNTok2N2E7
736,89NjSkNgd9@example.com,97528182Ke,0oeJ5KLV96
737,XcVk8fWNT9@example.com,08055158xU,6YDX0G1aUs
738,RM4cS25KT9@example.com,43074786Al,o4xEicjQU0
739,2ZrT2kNePl@example.com,30159928Rp,R48p83U82T
740,9mApx522hQ@example.com,56026558kS,2Ngdd835M2
741,0i1K31r4t9@example.com,55421425Jz,Dv3oAaM5pW
742,08UsOCZjNX@example.com,07777319Nz,ecE2ol7cHf
743,m2XbRF1vGN@example.com,24380020pi,CeQKsH861M
744,b2138Q7YIL@example.com,58902545RT,uf3bc0mlC9
745,TEcn77H27H@example.com,93492036mV,VB38eC43rQ
746,sxkg7VjsMg@example.com,58039499sy,WsI2c4Fybm
747,NOJAhm0xMP@example.com,06309772OP,ZTR9osK8f6
748,en0w014qk9@example.com,98309383Zz,PeUJExFPM2
749,m31Bj51DBq@example.com,23270598WZ,dC4C7zZ3R9
750,jfnRub7mml@example.com,45856686Ys,mcz2FkhvZR
751,x51x5dEmfF@example.com,25506025Ve,CpP196w8Un
752,3bq1z3J4nZ@example.com,04170903Hg,LnTsI70plo
753,2fEr9sHhq8@example.com,55891571po,q05mZU2exF
754,AlSMesg5LX@example.com,00226359xu,91E5Go44ie
755,eDvKp3443z@example.com,72004939Wd,px2Qjrg43p
756,t4LefXv4m0@example.com,19639266on,aphM9U7BEp
757,9q6hCRcYcP@example.com,36120318eb,xM98xAwKc9
758,Ljs9Wl3lp0@example.com,79187591xP,0EIqKjLCIS
759,d904YbVmE6@example.com,68418744iC,LA0tbMpoOp
760,asfV7XGT87@example.com,65622325Kn,122d6vW03s
761,81WLCub85k@example.com,72689066qx,aBz92oOfCi
762,DnIP2HZ60h@example.com,34436817CR,j4eeoz465A
763,6t18pUj84q@example.com,83802622Ze,38HT7utArs
764,4sK22WV5O6@example.com,42402093lC,onBY1GK2j6
765,sENq7LgGdT@example.com,41850754LI,g3E9bg4CvO
766,bodtZJ0tMj@example.com,52208213lo,sl37eb3CQ6
767,iaDeExQMpN@example.com,27911330mv,093373bqB1
768,EIH88j5s58@example.com,28097247iU,6s14AGHa5v
769,sDw6O71o61@example.com,68230429BQ,vzhAdq9H9W
770,8g86HI9Vg9@example.com,81066633tV,H7z3x5VxRY
771,44e5c4dYO9@example.com,48918177Fs,aOL1Qtg5kg
772,69SCyvrHD1@example.com,90880430vo,L66Z1G1J7R
773,vJdpf4eS68@example.com,86170634EL,6r7V6s2XeQ
774,tb5RHO1GA7@example.com,36653076MP,S1j2J7eN0J
775,gt4vR42v5Z@example.com,92133959Pf,km0k6c3u8G
776,GT6ZKCQtZl@example.com,80721716og,jVJ1tjeed6
777,vmOPt40Frn@example.com,26281557sm,hQM42jJB6l
778,fbn5wpk2Tb@example.com,44727957wD,4DI00Os6f2
779,cZi1Z6WiWF@example.com,58083057aH,eT2387FPxr
780,531v96tExy@example.com,67539079yK,7ESg13tfbs
781,o5yI5a6z01@example.com,62459020AR,dCV126wQuG
782,GPsmqCiFfC@example.com,62177629rV,78dM3fzc8d
783,NA3427XF4J@example.com,46633937Is,8Iy04BX5mC
784,43wUu7wE03@example.com,38547166Uv,bK5AE52J24
785,ig3q3pIcjU@example.com,21604005ll,brf9WNJ725
786,zqOI5G9v93@example.com,87791405im,n9031o8TJZ
787,xem710N6gt@example.com,96879213lq,n6Nok72utM
788,bTgec6b3qS@example.com,50828953dB,jm36hysiCi
789,988Z4Xqcn2@example.com,75977849PQ,S0fsY4Q37i
790,qRCddzXdGo@example.com,49178636uj,WOvEwCsVPS
791,2K55D6w6F3@example.com,27449384Kl,Wv99sb800H
792,WJo34k5p8A@example.com,16265354XG,Zw1QpVYlV8
793,p97UzlHilx@example.com,29118862fT,jyq2kn8hk9
794,Q3HD1890Cp@example.com,87601459Hq,Q60ERgamb1
795,899yFrsc1L@example.com,56567844iO,9lz828pv7n
796,crX8deX2l4@example.com,97674070TH,6bizmuPt0u
797,Ki6f4PMh64@example.com,00504131SH,g3KFloKTVl
798,we54hPmTdz@example.com,31290520dM,b1I8099L0u
799,LrEyH42Kwu@example.com,65121028ox,SQ5Mhytf0k
800,2vZ6xWdEwe@example.com,55737078wW,FZ37cKsFUB
801,58gF27g4Oy@example.com,61978253xa,kUek50106e
802,KdGU7fd77b@example.com,79091340oK,PytMu649eI
803,CNHX4PKO3Z@example.com,20707349Fq,NAUOgU7dAP
804,bf9zblKnh7@example.com,12468336em,4Xow2z4Ru1
805,9yWA49pbC8@example.com,08588753hw,Qt3Ok43zMk
806,CVWURDPo9g@example.com,74540947Ia,8b73X38VIE
807,ZkKkIwu3jJ@example.com,87669559rz,dlOE13m5K1
808,rJRxihqFRh@example.com,67680567RN,e56C2mf62b
809,duW063cwR3@example.com,23611888Xm,6SBZdxFLs2
810,PjP13r8Fxy@example.com,28613779ah,7Tg5yV7R5L
811,Ib6Nd1OpT6@example.com,66419363lp,303RMYrPhc
812,vBs6TAZtZ8@example.com,26240574Bk,4BpD3Om4P7
813,3w016lq3a4@example.com,48805114fH,4ZlO3H025y
814,ol80dpm8ME@example.com,14746572IG,7VX5Wyv5Nn
815,vLv5CLQNJv@example.com,01299073Pk,t36Q5vIewV
816,QHGdL4hdK6@example.com,20305295yr,s327zYVw1S
817,418S4s2U6t@example.com,57672230kx,4ChoAkFp7C
818,91fSkzwzYe@example.com,93849220pH,U7Rm62EvRl
819,VKsjZ67v2S@example.com,00287243Og,y6d7p5lZ77
820,vSxcMRrYz9@example.com,01639957wV,2Qg1b9Rh0D
821,Pn9Hqr9ONp@example.com,06065700oL,fMTo01pKl9
822,v8XZIWKQVj@example.com,24097837Qs,JJM5m4apQf
823,NIygT5xs73@example.com,84916372qP,21N3pqsnz0
824,3ut2ue98N8@example.com,71301973Mb,llou92hLP4
825,5nM45E2000@example.com,17718755FU,VC9nUu6Mle
826,3HNhHjSeLi@example.com,25300555Eo,05KqKrqlG4
827,d67Z97t05D@example.com,24536659rX,cR9rX2Id82
828,6mB7TqeHI5@example.com,49822525il,XKYugKk6YL
829,DjH869KYfm@example.com,75602291qw,yX3qX3foBo
830,0ygMWPAzjv@example.com,48695172lY,d79520R002
831,eMt72s7o2x@example.com,61135144br,34uA165EB2
832,SeR2wL01KZ@example.com,39868969Jo,r5nA224356
833,9a13F842d7@example.com,77953899Uy,2PXAsHfn0i
834,9y88VAFcL8@example.com,28047414jV,3Mz8oa3z5p
835,Hs3daKj8Qr@example.com,53439107za,d9yvArL6A9
836,8097av2P5E@example.com,44722374gU,YlhNLwAb2K
837,D9p12727F6@example.com,27321196WV,AC0tthHWa6
838,Lso58v9eth@example.com,05827876ba,x2eI8fM28H
839,4y81OUYjXF@example.com,31238164Vx,a83wD7lg73
840,7YDKYg1Q80@example.com,62034392jq,WB5PX9Y2K4
841,RktDzykWw0@example.com,40882920zU,GUh3VE9tm1
842,cO8dmNYIAg@example.com,25000111gJ,94r6imrFSo
843,ONjb5c78bq@example.com,68273850QO,EmCn11LEwa
844,uXU662sC4W@example.com,92692082Am,109nU3584x
845,9YMe0C5h5I@example.com,05566325TT,dT2f486Yms
846,TU0Kv34021@example.com,32661394hA,7KT4SM0y8Y
847,p00ZDlHsYe@example.com,57534619NN,3vMPAc5LKc
848,b0qstuLYpF@example.com,76737271Uz,jKSVnyNcr1
849,xgi4KLTuVd@example.com,83786182dd,yCa953o86c
850,g9QW2t0dZe@example.com,53438940ze,1iol1O3EyW
851,JgW07XdPKA@example.com,46260375Xd,88U3egQ15t
852,pP9CIR4PYG@example.com,53053504BD,M4k8rbTKmS
853,r7o9IfDi05@example.com,56757212Bm,UH6m6MBixW
854,m9wKPypsA4@example.com,24162210WU,NwN63WYv1h
855,V3kh6E9409@example.com,14443564GW,4Ya39Wog77
856,z89ka1Bd0i@example.com,65218292lk,tE36Dda1TJ
857,Gz4l6JTEIF@example.com,42640615lx,Hr7Q4J76Dd
858,fpqf3Y0Xwq@example.com,89235939WD,kwi95ra1h7
859,tlg768YIGu@example.com,13094427gL,9KfOcro4wq
860,8Z9LN20gz2@example.com,38482828BR,3c5D1c59sH
861,H5g1t66m9q@example.com,08752026uZ,b6T9nYpRp4
862,4RQe64G61v@example.com,59308215mS,2fD4U3r5JF
863,EHv9k8V9ND@example.com,36228218Pl,51QNYD5l20
864,88nIO1udMj@example.com,20833448FA,Z28zF1ih54
865,83pYtR3L1C@example.com,57752417tP,7hN4P4fb02
866,o58b4NdeJs@example.com,60467768Pr,jgbjh379z1
867,q65HYZ476X@example.com,53407416KS,01qnYktbeu
868,66BQQYCgiH@example.com,27142562Ue,yC224Q6WR8
869,fV679x6E65@example.com,28206410Be,tK06ERiE8S
870,sY95zV00t2@example.com,77378289Gq,pOV632W8AF
871,J199u5VALz@example.com,02535962eX,XR414Z2L86
872,0Ya0sLyj6f@example.com,64380339hf,6SsP5DXpdG
873,872aTLqT21@example.com,63257788vV,xa687xuJ6X
874,D4HL3A1W6X@example.com,75488925qT,l9Ncb4B1XA
875,45ONbJc1DT@example.com,39584565wt,8mTI9P4e7z
876,9HLkoS9og6@example.com,03348698cQ,75bE5lcWaW
877,t710P9N9V3@example.com,05274819yx,NuUA17SzBa
878,o9XQIs5a9R@example.com,86972048ob,K0wPN0kR9O
879,MIEbXUzMhS@example.com,07631246dL,V27ngD65Sp
880,x24LWy66u3@example.com,79118820ij,SdrxrJ4C79
881,vwDhQI8zid@example.com,41102903eA,7h9M9UUJK4
882,upFW7hEbrM@example.com,39148276dF,KYYQ0Wkbo1
883,3y2bs1tVry@example.com,25364321mc,N5wLcTqBhx
884,ag8fclx29U@example.com,42776491kC,muQH3dsv1a
885,3jOh15ins1@example.com,59312230vm,D61SUH8L37
886,q06RiDnQT5@example.com,87713300if,fGY2MQI6Hw
887,05ZnH7huP4@example.com,49388932NC,PY0GC1dn3N
888,TnoVH413sW@example.com,10691003Bw,Q1NzgRm6UD
889,7T8JBqC44f@example.com,70880188ao,94FD500UcG
890,YNivleK0sZ@example.com,85739847xo,w5uk92pv9P
891,tk8TJMog55@example.com,48308579oj,WvUDFy08pa
892,90Pj4gEVbM@example.com,50470377KF,h0mk2Jcy51
893,wVH95xx7yf@example.com,16655490Jg,lI1jRh9leH
894,59u8DiZZDW@example.com,90213095Mv,Q4vE379Im9
895,r1Cs2Wwmwc@example.com,86902237Rg,u4K1WzLyc3
896,8Yxbt4c4yG@example.com,91935299Bg,98ftgCT7I4
897,8dGhBWnK0B@example.com,69096749as,03e09594px
898,2lLDa22230@example.com,42664320gW,AIARm1b3oj
899,16qyz0222k@example.com,19435491Zk,OB5wo9EL24
900,6x6k67FM5k@example.com,37016212cQ,ijyXWndvSV
901,w4ESpF917S@example.com,99052980Gq,6Z39HM35aj
902,cLNV768RLs@example.com,93399970Dx,h1vEhVM79v
903,4sqLpVhjJl@example.com,72016350Lv,80fjZ3uxNJ
904,rzCA69mqz0@example.com,43549241Gy,srd2Ttd9t8
905,UIskSKsO4e@example.com,29996876DP,ObgokI0T46
906,VgL2WbZAA8@example.com,98241113iR,1w6RZVVPWJ
907,fv9h4hNKW2@example.com,48186971FL,d06ek2H3pp
908,9RLH0xl23K@example.com,53362583gK,pzynx6eIR3
909,pXeYcN3nUA@example.com,91450907Tm,6OB25yg1ve
910,8v2c4esaOh@example.com,20572981CI,839LNmk9CL
911,OE0qlagVA3@example.com,66970341tP,we2VRw1X42
912,Fc701pTlrk@example.com,36847260lJ,Edi9Wx49Gk
913,lCix0FnRdV@example.com,06026260GG,AIw83mPRth
914,U3w3EDQk7Y@example.com,44143761Gd,gL3e7q7d8n
915,LWix7ea77K@example.com,36495623mT,7m7if8811T
916,Ki669B77b7@example.com,83207748im,FqF23q7mkl
917,CF3T5ufDa3@example.com,49410181pi,BwRdE4H54P
918,Q635Fe9HPL@example.com,57935928tQ,BG2Pj7a164
919,M0ph2VqCoL@example.com,92687301pq,fhETV84Mnu
920,s5oWgMr0J0@example.com,43528863TG,3X2kSml6Q3
921,CDYlt132Gx@example.com,41449767Gt,lrmxIwV1TD
922,e2lndTxtKF@example.com,44611721Hy,78ByX8Rb5B
923,SH9vBhwo6N@example.com,74246256nR,ane0ER5e7B
924,hNJTvAD4ng@example.com,09146913hb,9VSI44m3ue
925,imM93DcJE0@example.com,14007590KQ,0g91fS63dO
926,1Ov7TUP475@example.com,04039917Pj,1t5sP2Pg00
927,1875Tz8IW1@example.com,50849142nt,PL3C0rQ7vd
928,4tXkx0ur35@example.com,31693045uT,xojlhP7lv3
929,cr8m5f9b1O@example.com,83836385kf,JZOcV18N5p
930,N3zHev6iHN@example.com,03672018OI,8Tj0Z9lteh
931,WmH607lH4C@example.com,13413634lt,jql93maU5s
932,6oui8S7IAx@example.com,01679508GW,SJ3ao9IeWv
933,gWf0PUm54d@example.com,68042616XN,huAU8Kl74W
934,sbMDA5ozpq@example.com,97475365pY,WHfvAAw45j
935,lwD2RE3ppQ@example.com,02295793PX,iPduw77Ya7
936,qXt18V4dqp@example.com,20602319eK,x6b2m71S79
937,Uqdm5HcHGf@example.com,14828274kE,Z0T6Z3e304
938,Hf01T24KHJ@example.com,64586339MD,zBtnZ4UGJN
939,849XDxOXv9@example.com,98500745fI,11d3qIF9uj
940,tZS539OJg6@example.com,44827168af,Z487052923
941,FCJ11F909u@example.com,68684253Tl,95g8xInTtD
942,QgG37136KY@example.com,73158670Rs,62DzOHO04K
943,y1TEfSTd83@example.com,08772666aM,HTbmYF1Xb3
944,1dl68z6n41@example.com,67212903Pd,9gt9WJk86G
945,6sMcCT8aQ9@example.com,86178454Za,g8oMJ52BsR
946,VJsDRFgO6C@example.com,87375126do,zjGQ6Pc666
947,17ta49eICo@example.com,30044459jN,R4B5q17k3P
948,Yj3q6b17D7@example.com,17416829Tp,N2p7741052
949,1c4tKZpt6u@example.com,19478143RI,nW66SZgO5i
950,1Zik5m8n0m@example.com,38266252vj,Ji9y10v4SL
951,SDBMdvfuM9@example.com,45163244PF,WqCU2J98a6
952,4LHOa7A82S@example.com,27617303VQ,n0Atf1JoU9
953,aBYuyOaf2P@example.com,87423484eg,i2S9WP6aOl
954,Nj36as05iu@example.com,48614853Rl,bvU13KWOvm
955,z7ZL5v6EUd@example.com,06046451uZ,UhZeU8lEMt
956,82DZ8wR5MZ@example.com,18616428dW,jwLho5A9lb
957,UIJq7x8074@example.com,26999832xg,R33ize214o
958,rxyNMoCvKM@example.com,82945020mM,259N0unZrO
959,Rq8Sfz1ES1@example.com,39514395Jz,Vd78YxF53z
960,Jy05akWh1o@example.com,58913795tD,37l8jfjU42
961,1H1G6MZUFw@example.com,17304472Jt,QD08aJrW36
962,aKL1ilsZzl@example.com,88145616Cw,O7w1cEWvLA
963,7MQJ532T7S@example.com,75480024pi,GA58c965ji
964,UWkK77120m@example.com,31357259oX,5t5e1Vj094
965,c45w69787H@example.com,21298784rx,Sd0GBaw78S
966,VI79dIZ8IT@example.com,49134440pM,lzbD2y8RZ1
967,77U8ctSD23@example.com,85729918Jl,43H21Pb4An
968,8ztG3xdU8q@example.com,36040061Ru,80MfKa6561
969,179ZQP3U1B@example.com,71624311xc,DAIqzc5y1J
970,c17bNaA6ai@example.com,59516905Wk,Z28Y77k6zr
971,Iqs39Rjeb8@example.com,89797502eT,34ChyJ0BuL
972,o0vQ3o4fSh@example.com,58518171TX,8prt0w7408
973,uxuXyLy9hv@example.com,84840541bh,I4Ieq0D42n
974,F7JKjF4inK@example.com,87951960Vk,W5K64ti06a
975,lADY1rP9e2@example.com,06000173NV,3CPuA2ZTld
976,ChaB9dK8qy@example.com,93648590Yy,q76i1MvnU5
977,aymoMme838@example.com,74604630CZ,5l64fqBB3n
978,Fy8tY749rv@example.com,05323966WY,6tU4hLiWl4
979,W3AyT77pYQ@example.com,23985075Lx,3fRf82D90R
980,y039aUU6hx@example.com,01668722OS,m30oOBECHl
981,o3CP0311V5@example.com,79373242WR,DzhnQXr98h
982,5x4tdG9VJM@example.com,13007955Uk,n3ejehxwB4
983,3jgyw0IBla@example.com,91251998GN,43BE3A650Z
984,57fy6Fh37U@example.com,84457729hc,w4oJp90V54
985,8iC57sWZVm@example.com,61893310vI,tOPoXumau9
986,lPEp9Tw9NE@example.com,61383320Dp,9Cp57KmWN0
987,uDwGwFiTiP@example.com,40392424nb,uj03qRGvIf
988,iG92pg7O1M@example.com,54830212Il,DwTUM6cdru
989,l7lz6jGJ2a@example.com,56409526Bp,19sc42zSE4
990,zuFkE97X2j@example.com,99438649Vo,P2md67QiOU
991,t28YKf82x3@example.com,55095313aL,w34eHYrCN1
992,xh3IZVxIWl@example.com,71027820UY,N3Qnpz889K
993,470GMId4xy@example.com,95097183iB,vJP5O7gz32
994,fqeniiJF3n@example.com,33034531LY,hqvuCwT0w3
995,yPV9a00B1n@example.com,01792402kA,MKQfHO495T
996,24O2Uf61U6@example.com,95274886Jo,Jr6Eg7s33K
997,9rm1f6L5G7@example.com,92553237zi,X2j9g01ZpI
998,r6N1J2GK37@example.com,58262827YT,wqO0j35BhG
999,ubJXE46132@example.com,48580558VV,2XtJTN2vR0
1000,8xJ3M4X3oU@example.com,73651998tg,l652q2kEa5
